<?xml version="1.0" encoding="UTF-8" standalone="yes"?>
<addon id="plugin.program.nextgenwizard" name="Simple Kodi [COLOR dodgerblue][B]Next Gen. [/B][/COLOR] [COLOR snow][B]Wizard[/B][/COLOR]" version="4.2.0" provider-name="Simple Kodi">
  <requires>
    <import addon="xbmc.python" version="2.1.0"/>
    <import addon="script.module.requests" version="2.9.1"/>    
  </requires>
  <extension point="xbmc.python.pluginsource" library="default.py">
    <provides>program executable</provides>
  </extension>
  <extension point="xbmc.service" library="startup.py" start="startup" />
  <extension point="xbmc.addon.metadata">
    <summary lang="en">Welcome to the Simple Kodi Next Generation Wizard</summary>
    <description lang="en">This Software is designed to keep your KODI device up to date and running smoothly</description>
    <disclaimer lang="en">For help and support ... Please visit our group on Facebook!</disclaimer>
    <language></language>
    <platform>all</platform>
    <license>GNU GENERAL PUBLIC LICENSE. Version 2, June 1991</license>
    <forum></forum>
    <website>https://www.facebook.com/groups/1404688236305488/</website>
    <email></email>
    <source></source>
    <news></news>
    <assets>
        <icon>resources/art/icon.png</icon>
        <fanart>resources/art/fanart.jpg</fanart>
        <screenshot>resources/screenshot-01.jpg</screenshot>
        <screenshot>resources/screenshot-01.jpg</screenshot>
        <screenshot>resources/screenshot-01.jpg</screenshot>
        <screenshot>resources/screenshot-01.jpg</screenshot>        
    </assets>
  </extension>
</addon>